﻿pos_x,pos_y,rotation,side,designator,mpn,pack,value,mount_type,place
18.55,2.3375,-90.0,top,AE1,,XDCR_2450AT18B100E,Antenna_Chip,smt,True
1.775,4.2,0.0,top,BT1,,PinSocket_1x02_P2.54mm_Vertical,BHSD-1225-SM,tht,True
12.55,13.82,90.0,bottom,C1,CC0402MPX5R5BB106,C_0402_1005Metric,10uF,smt,True
4.05,3.72,90.0,top,C10,C1005X5R1E105K050BC,C_0402_1005Metric,1uF,smt,True
8.55,2.0,180.0,top,C11,C1005X5R1E105K050BC,C_0402_1005Metric,1uF,smt,True
5.575,13.35,180.0,top,C12,C1005X7R1C104K050BC,C_0402_1005Metric,0.1uF,smt,True
13.528999,16.200999,-90.0,top,C13,C1005X7R1C104K050BC,C_0402_1005Metric,0.1uF,smt,True
6.55,9.22,90.0,top,C14,C1005X7R1C104K050BC,C_0402_1005Metric,0.1uF,smt,True
18.55,9.18,90.0,top,C15,CC0402BRNPO9BN1R2,C_0402_1005Metric,1.2pF,smt,True
14.478999,16.200999,-90.0,top,C16,CGA2B2C0G1H120J050BA,C_0402_1005Metric,12pF,smt,True
15.25,12.6,180.0,top,C17,CGA2B2C0G1H101J050BA,C_0402_1005Metric,100pF,smt,True
18.128999,16.200999,90.0,top,C18,CGA2B2C0G1H120J050BA,C_0402_1005Metric,12pF,smt,True
7.6,16.05,180.0,top,C19,C1608X5R1A105K080AC,C_0603_1608Metric,1uF,smt,True
13.9,8.7,180.0,bottom,C2,CC0402MPX5R5BB106,C_0402_1005Metric,10uF,smt,True
5.575,14.55,180.0,top,C20,C1608X5R1E475K080AC,C_0603_1608Metric,4.7uF,smt,True
10.15,11.7,0.0,bottom,C22,C1005X7R1C104K050BC,C_0402_1005Metric,0.1uF,smt,True
10.15,16.2,0.0,bottom,C23,C1005X7R1C104K050BC,C_0402_1005Metric,0.1uF,smt,True
15.15,13.25,180.0,bottom,C24,C1005X5R1E105K050BC,C_0402_1005Metric,1uF,smt,True
16.55,9.25,90.0,bottom,C25,C1005X5R1E105K050BC,C_0402_1005Metric,1uF,smt,True
11.85,2.78,90.0,bottom,C26,C1005X7R1C104K050BC,C_0402_1005Metric,0.1uF,smt,True
18.125,10.375,90.0,bottom,C3,C1005X7R1C104K050BC,C_0402_1005Metric,0.1uF,smt,True
15.1,14.68,-90.0,bottom,C4,C1005X7R1C104K050BC,C_0402_1005Metric,0.1uF,smt,True
17.0,16.3,0.0,bottom,C5,C1005X7R1C104K050BC,C_0402_1005Metric,0.1uF,smt,True
18.125,12.225,-90.0,bottom,C6,CGA2B2X7R1E103K050BA,C_0402_1005Metric,10nF,smt,True
4.8,9.37,90.0,bottom,C7,CC0402MPX5R5BB106,C_0402_1005Metric,10uF,smt,True
4.85,2.42,90.0,bottom,C8,C1005X5R0J225K050BC,C_0402_1005Metric,2.2uF,smt,True
10.35,2.75,90.0,bottom,C9,C2012X5R0J336M125AC,C_0805_2012Metric,33uF,smt,True
10.9625,1.7,0.0,top,D1,,LED_0603_1608Metric,LED,smt,True
1.75,17.25,0.0,top,J1,,PinHeader_1x02_P2.54mm_Vertical,EEG_IN,tht,True
2.23,9.45,0.0,top,J2,,AMPHENOL_20021121-00006C4LF,Conn_02x03_Counter_Clockwise,smt,True
4.45,4.3,0.0,bottom,L1,MBKK1608T2R2M,L_0603_1608Metric,2.2uH,smt,True
18.55,6.2525,-90.0,top,L2,MLG1005S3N3BT000,L_0402_1005Metric,3.3nH,smt,True
18.065,7.75,0.0,top,L3,MLG1005S2N7ST000,L_0402_1005Metric,2.7nH,smt,True
6.53,12.5,-90.0,bottom,R1,RMCF0402FT68K0,R_0402_1005Metric,68k,smt,True
12.04,8.7,180.0,bottom,R10,RMCF0402FT604R,R_0402_1005Metric,604,smt,True
16.05,14.7,-90.0,bottom,R11,RMCF0402FT16K0,R_0402_1005Metric,16k,smt,True
17.0,14.85,-90.0,bottom,R12,RMCF0402FT2K49,R_0402_1005Metric,2.49k,smt,True
17.95,11.7,-90.0,top,R13,RMCF0402FT49K9,R_0402_1005Metric,49.9k,smt,True
4.25,7.55,0.0,bottom,R14,RMCF0402FT10K0,R_0402_1005Metric,10k,smt,True
3.24,10.81,180.0,bottom,R16,RMCF0402FT100K,R_0402_1005Metric,100k,smt,True
3.24,11.8,0.0,bottom,R17,RMCF0402FT100K,R_0402_1005Metric,100k,smt,True
11.25,3.75,0.0,top,R18,RMCF0402FT1K10,R_0402_1005Metric,1.1k,smt,True
6.85,1.0,0.0,bottom,R19,RMCF0402FT4K75,R_0402_1005Metric,4.75k,smt,True
6.53,15.4,90.0,bottom,R2,RMCF0402FT68K0,R_0402_1005Metric,68k,smt,True
6.575,11.625,90.0,top,R20,RMCF0402FT10K0,R_0402_1005Metric,10k,smt,True
5.33,13.94,90.0,bottom,R3,RMCF0402FT8K20,R_0402_1005Metric,8.2k,smt,True
13.5,15.7,90.0,bottom,R4,RMCF0402FT100K,R_0402_1005Metric,100k,smt,True
13.5,13.79,-90.0,bottom,R5,RMCF0402FT1K00,R_0402_1005Metric,1k,smt,True
13.45,10.85,90.0,bottom,R6,RMCF0402FT20K0,R_0402_1005Metric,20k,smt,True
12.0,11.35,180.0,bottom,R7,RMCF0402FT1K00,R_0402_1005Metric,1k,smt,True
17.0,17.25,180.0,bottom,R8,RMCF0402FT100K,R_0402_1005Metric,100k,smt,True
12.04,9.7,180.0,bottom,R9,RMCF0402FT100K,R_0402_1005Metric,100k,smt,True
9.23,13.95,0.0,bottom,U1,INA819IDRGR,WSON-8-1EP_3x3mm_P0.5mm_EP1.45x2.4mm,INA819IDRGR,smt,True
15.6,11.45,0.0,bottom,U2,TLV9102IDSGR,WSON-8-1EP_2x2mm_P0.5mm_EP0.9x1.6mm,TLV9102IDSGR,smt,True
7.4,3.25,0.0,bottom,U3,TPS61094,WSON-12-1EP_3x2mm_P0.5mm_EP1x2.65,TPS61094,smt,True
6.6125,4.2,180.0,top,U4,TPS60400DBV,SOT-23-5,TPS60400,smt,True
10.629,11.649999,0.0,top,U5,,QFN-48_NOR,NRF52832-QFAA-R,smt,True
16.303999,16.195999,0.0,top,Y1,,XTAL_ECS-320-8-37CKM,32MHz,smt,True
