﻿designator,quantity,value,pack,mpn,mount_type
AE1,1,Antenna_Chip,XDCR_2450AT18B100E,,smt
BT1,1,BHSD-1225-SM,PinSocket_1x02_P2.54mm_Vertical,,tht
"C1, C2, C7",3,10uF,C_0402_1005Metric,CC0402MPX5R5BB106,smt
"C10, C11, C24, C25",4,1uF,C_0402_1005Metric,C1005X5R1E105K050BC,smt
"C12, C13, C14, C22, C23, C26, C3, C4, C5",9,0.1uF,C_0402_1005Metric,C1005X7R1C104K050BC,smt
C15,1,1.2pF,C_0402_1005Metric,CC0402BRNPO9BN1R2,smt
"C16, C18",2,12pF,C_0402_1005Metric,CGA2B2C0G1H120J050BA,smt
C17,1,100pF,C_0402_1005Metric,CGA2B2C0G1H101J050BA,smt
C19,1,1uF,C_0603_1608Metric,C1608X5R1A105K080AC,smt
C20,1,4.7uF,C_0603_1608Metric,C1608X5R1E475K080AC,smt
C6,1,10nF,C_0402_1005Metric,CGA2B2X7R1E103K050BA,smt
C8,1,2.2uF,C_0402_1005Metric,C1005X5R0J225K050BC,smt
C9,1,33uF,C_0805_2012Metric,C2012X5R0J336M125AC,smt
D1,1,LED,LED_0603_1608Metric,,smt
J1,1,EEG_IN,PinHeader_1x02_P2.54mm_Vertical,,tht
J2,1,Conn_02x03_Counter_Clockwise,AMPHENOL_20021121-00006C4LF,,smt
L1,1,2.2uH,L_0603_1608Metric,MBKK1608T2R2M,smt
L2,1,3.3nH,L_0402_1005Metric,MLG1005S3N3BT000,smt
L3,1,2.7nH,L_0402_1005Metric,MLG1005S2N7ST000,smt
"R1, R2",2,68k,R_0402_1005Metric,RMCF0402FT68K0,smt
R10,1,604,R_0402_1005Metric,RMCF0402FT604R,smt
R11,1,16k,R_0402_1005Metric,RMCF0402FT16K0,smt
R12,1,2.49k,R_0402_1005Metric,RMCF0402FT2K49,smt
R13,1,49.9k,R_0402_1005Metric,RMCF0402FT49K9,smt
"R14, R20",2,10k,R_0402_1005Metric,RMCF0402FT10K0,smt
"R16, R17, R4, R8, R9",5,100k,R_0402_1005Metric,RMCF0402FT100K,smt
R18,1,1.1k,R_0402_1005Metric,RMCF0402FT1K10,smt
R19,1,4.75k,R_0402_1005Metric,RMCF0402FT4K75,smt
R3,1,8.2k,R_0402_1005Metric,RMCF0402FT8K20,smt
"R5, R7",2,1k,R_0402_1005Metric,RMCF0402FT1K00,smt
R6,1,20k,R_0402_1005Metric,RMCF0402FT20K0,smt
U1,1,INA819IDRGR,WSON-8-1EP_3x3mm_P0.5mm_EP1.45x2.4mm,INA819IDRGR,smt
U2,1,TLV9102IDSGR,WSON-8-1EP_2x2mm_P0.5mm_EP0.9x1.6mm,TLV9102IDSGR,smt
U3,1,TPS61094,WSON-12-1EP_3x2mm_P0.5mm_EP1x2.65,TPS61094,smt
U4,1,TPS60400,SOT-23-5,TPS60400DBV,smt
U5,1,NRF52832-QFAA-R,QFN-48_NOR,,smt
Y1,1,32MHz,XTAL_ECS-320-8-37CKM,,smt
